text_id,cohesion,syntax,vocabulary,phraseology,grammar,conventions
0000C359D63E,3.017063,2.8272362,3.1565187,2.9838746,2.6259654,2.6606576
000BAD50D026,2.6222126,2.4903986,2.6918375,2.3913682,2.0916433,2.584964
00367BB2546B,3.4920208,3.3260643,3.6025848,3.5642955,3.3579304,3.156724
