text_id,cohesion,syntax,vocabulary,phraseology,grammar,conventions
0000C359D63E,2.970733755,2.81065763,3.125907393333333,2.9790198466666666,2.67130528,2.6557415599999996
000BAD50D026,2.6867894433333337,2.501489451666666,2.7369446199999996,2.4130556066666666,2.180300305,2.6542696883333337
00367BB2546B,3.548643693333333,3.358877976666667,3.5834860566666666,3.51113113,3.3588414733333325,3.231024905
