text_id,cohesion,syntax,vocabulary,phraseology,grammar,conventions
0000C359D63E,2.9619782,2.8489277,3.154154,2.9547138,2.6568844,2.6553
000BAD50D026,2.6974287,2.5522735,2.805085,2.4589298,2.2374506,2.6963978
00367BB2546B,3.4372451,3.3004901,3.5342996,3.4285724,3.246892,3.178342
