text_id,cohesion,syntax,vocabulary,phraseology,grammar,conventions
0000C359D63E,2.9493275,2.7815635,3.10064,2.9661093,2.6486647,2.6362755
000BAD50D026,2.7075946,2.4666846,2.7259371,2.4339461,2.141132,2.7274716
00367BB2546B,3.4728594,3.281167,3.5322685,3.5179596,3.3604925,3.1883676
