text_id,cohesion,syntax,vocabulary,phraseology,grammar,conventions
0000C359D63E,2.9815092,2.778063,3.1268282,2.9966154,2.6770735,2.6489213
000BAD50D026,2.7034905,2.4811852,2.734707,2.4158983,2.1868126,2.6953843
00367BB2546B,3.538544,3.300129,3.5501254,3.5216625,3.4052842,3.2237775
