text_id,cohesion,syntax,vocabulary,phraseology,grammar,conventions
0000C359D63E,2.9898612,2.8532002,3.1524448,3.0032957,2.7643726,2.6691895
000BAD50D026,2.6635385,2.4636776,2.7150629,2.366408,2.2177188,2.620077
00367BB2546B,3.4779215,3.3530824,3.5363648,3.4731503,3.3628378,3.2329302
