text_id,cohesion,syntax,vocabulary,phraseology,grammar,conventions
0000C359D63E,2.98700505,2.8211560999999996,3.135817733333333,2.979448166666667,2.6759214000000004,2.6598791
000BAD50D026,2.688451133333334,2.5017235166666665,2.7399715000000002,2.4291009666666663,2.19765385,2.6657953833333337
00367BB2546B,3.5142357333333334,3.332145366666667,3.5675316666666665,3.5113955,3.3574534333333332,3.2247390499999997
