text_id,cohesion,syntax,vocabulary,phraseology,grammar,conventions
0000C359D63E,3.0222912,2.837946,3.1243207,2.9720802,2.6825678,2.6889307
000BAD50D026,2.7364419,2.5561216,2.7671995,2.5080554,2.3111658,2.6704776
00367BB2546B,3.6668236,3.4319394,3.6495469,3.5627327,3.4112837,3.368293
